{"assets/fonts/sfmono.otf":["assets/fonts/sfmono.otf"],"assets/gifs/modules.gif":["assets/gifs/modules.gif"],"assets/gifs/wavehello.gif":["assets/gifs/wavehello.gif"],"assets/images/mine.jpg":["assets/images/mine.jpg"],"assets/images/profilePic.jpg":["assets/images/profilePic.jpg"],"assets/svgicons/externalLink.svg":["assets/svgicons/externalLink.svg"],"assets/svgicons/folder.svg":["assets/svgicons/folder.svg"],"assets/svgicons/github.svg":["assets/svgicons/github.svg"],"assets/svgicons/icons8-facebook.svg":["assets/svgicons/icons8-facebook.svg"],"assets/svgicons/icons8-github.svg":["assets/svgicons/icons8-github.svg"],"assets/svgicons/icons8-instagram.svg":["assets/svgicons/icons8-instagram.svg"],"assets/svgicons/instagram.svg":["assets/svgicons/instagram.svg"],"assets/svgicons/linkedIn.svg":["assets/svgicons/linkedIn.svg"],"assets/svgicons/stackoverflow.svg":["assets/svgicons/stackoverflow.svg"],"assets/svgicons/twitter.svg":["assets/svgicons/twitter.svg"],"packages/cupertino_icons/assets/CupertinoIcons.ttf":["packages/cupertino_icons/assets/CupertinoIcons.ttf"]}